risk_id,status,severity,area,description,evidence,mitigation,next_action
R-STC-001,CLOSED,HIGH,Production deployment,"Deployed Hostinger PHP used pre-PR145 A_PLUS-only eligibility and suppressed valid Capital COMPETITION_OPPORTUNITY plans","Post-upload expired EURUSD probe returned expired_plan after competition-grade acceptance; Live Readback/notification endpoints succeeded","Six-file hotfix deployed and verified","Continue normal fresh-opportunity verification"
R-STC-002,OPEN,HIGH,Competition performance,"Capital account has zero entries zero qualifying days and zero realized P/L while leaderboard threshold is above 11%","Live competition progress plus official leaderboard checkpoint","Restore opportunity delivery first; execute only qualified fresh manual plans","Verify hotfix then act on fresh qualified opportunity"
R-STC-003,CONTROLLED,MEDIUM,Research/live contamination,"Research community weights could be mistaken for live authority","community_component_shadow explicitly live_authority=false and regression test","Require Pine parity and separate promotion gate","Continue parity implementation"
R-STC-004,OPEN,MEDIUM,Live quote evidence,"Direct TradingView screener quotes can be unavailable for Capital symbols","Prior direct batch quote checks returned Quote data not found","Require owner platform live-price confirmation at manual approval","Reconfirm price before every manual order"
R-STC-005,MITIGATED,HIGH,Owner workflow,"A still-valid locked plan could disappear when a newer monitor-only bar became the latest signal, risking duplicate manual action or loss of recovery path","EURUSD incident 2026-09-24; live readback showed quality 80 plan replaced by quality 78 monitor-only context","PR #155 preserves unexpired plan and separates latest context; incompatible context becomes RECOVERY ONLY","Deploy combined Hostinger bundle and verify live behavior"
R-STC-006,MITIGATED,LOW,Owner UX,"Competition field looked editable even though it is intentionally safety-bound and readonly","Owner screenshot/report during EURUSD recovery","PR #156 adds explicit automatically-selected readonly labeling","Deploy combined Hostinger bundle"
R-STC-007,MITIGATED,HIGH,Position recovery,"Record Trade could reject a valid existing position with invalid_position_target when competition_id was blank and/or a bare Capital symbol such as EURUSD was supplied","Owner screenshots plus failed Record Trade; pre-recovery STC open_positions=0","PR #157 adds strict competition selector, client/server symbol normalization and unique safe target inference; existing EURUSD position recovered once idempotently","Deploy final seven-file Hostinger bundle"
R-STC-008,OPEN,CRITICAL,Competition performance,"Capital account realized P/L is -1714.76 with four visible closed losing trades; XAGUSD contributes -1362.81 and the visible executed size (~3.73K) is ~3.02x the latest verified STC proposed quantity (1234.226)","Owner TradingView trade-history screenshot 2026-09-24; sanitized analysis in docs/PERFORMANCE_INCIDENT_2026-09-24.md","Separate signal-quality failure from execution/sizing deviation; do not increase risk; reconcile platform ledger before changing weights","Backfill closed trades, attribute each trade to its source signal, and add planned-vs-actual quantity compliance visibility"
R-STC-009,OPEN,CRITICAL,Open SPX500 risk,"Owner platform evidence shows an open SPX500 LONG of 39.2 units entered 18:05 UTC, approximately 1.99x the nearest 18:00 UTC STC sizing ticket of 19.683465 units; current stop is not evidenced","Owner TradingView trade-history screenshot 2026-09-24; sanitized reconciliation in docs/PERFORMANCE_INCIDENT_2026-09-24.md","Do not add to the SPX500 position; deploy PR #161 guardrails; verify actual live stop/TP before any position-management recommendation","Obtain current Positions/Orders evidence for SPX500 and reconcile the open trade into STC"
R-STC-010,OPEN,MEDIUM,Deployment credential,"Secure Hostinger SSH deployment is blocked because HOSTINGER_SSH_PRIVATE_KEY currently contains a non-private-key value or malformed key content","Run 36264123000 explicit sanitized validation error before upload","Workflow now normalizes CRLF and validates key shape/parser before any production action; no production replacement occurred","Owner replaces only the private-key secret with full stc_hostinger_deploy contents, then rerun"
R-STC-011,MITIGATED_CRITICAL_VERIFIED,MEDIUM,Policy consistency,"Advisory competition pace exposed A_PLUS_ONLY while live event decision used shared 84 competition mode","Commit 81415fbc centralized active competition ids and 84/90 floors; corrected-code critical CI passed 191 tests","Shared constants now drive event decision and competition pace","Verify full-suite evidence and post-deploy/readback consistency"
R-STC-012,MITIGATED_CRITICAL_VERIFIED,HIGH,Signal quality correctness,"Missing optional evidence could become maximum positive setup-quality evidence for SHORT because raw -1 sentinel was multiplied by sign=-1","Source audit app/signals.py; commit 760796b; mirrored regression; corrected-code critical CI 191 passed","Missing values now map to direction-independent penalty before normalization","Record full-suite outcome and inspect post-deploy gate attribution for unexpected SHORT-quality distribution"
R-STC-013,CLOSED_OWNER_ACCEPTED,HIGH,Ledger authority,"STC OPEN-position ledger had disagreed with the competition platform","Owner screenshots + reconciliation runs 36274630447/36274737170 + final readback 36274764925","Stale rows VOIDed ledger-only; exact current open quantities/entries/stops/TPs rebuilt from platform evidence; historical closed trades imported","Continue normal readback; retain note that imported manual_external initial stops are based on visible current stop where separate historical initial-stop evidence was unavailable"
R-STC-014,RESEARCH,MEDIUM,Evidence dependence,"84 gate reuses statistically dependent price/MTF/composite evidence; independence is not established","Source review app/signals.py; external review hypothesis","Do not alter live 84 yet; collect gate failures and run redundancy/ablation/OOS analysis","Research-only evidence correlation/ablation study"
R-STC-015,MONITOR,MEDIUM,Bridge transport reliability,"Recent Process Bridge runs included network-unreachable and one HTTP 403 HTML edge response; later runs succeeded","Runs 36263645362, 36265392582, 36270598593; subsequent successful runs","Existing worker retries 3 attempts; no trading-logic change","Monitor recurrence and classify edge/network failures before retry-policy change"
R-STC-017,CLOSED_OWNER_ACCEPTED,HIGH,Position reconciliation,"Platform/STC position mismatch required ledger reconstruction","Final readback 36274764925: NAS100 7.7 @30416.071 and SPX500 40 @7737.25 only; AMP open 0","Reconciled from owner-confirmed history; -54.39 USD Capital residual intentionally left unattributed by owner decision","Do not fabricate a balancing trade; treat -3370.87 as evidenced STC historical P/L baseline"
R-STC-018,ACCEPTED_LIMITATION,LOW,Historical P/L completeness,"Capital platform realized P/L is -3425.26 while owner-confirmed visible trade history imported into STC totals -3370.87, leaving -54.39 USD unattributed","Owner explicitly accepted the residual as immaterial for further reconciliation","Preserve residual as an explicit limitation; never create a synthetic trade","No action unless future platform evidence naturally identifies the missing item"
R-STC-019,MITIGATED_HIGH,Stale account equity,"Seed account equity could size/approve trades after platform equity changed","R1 deployed and readback 36322085806 shows fail-closed stale/seed state","New entry sizing/tickets/Telegram plans blocked until owner_manual fresh equity","Owner refresh current platform equity; account-version binding invalidates stale tickets"
R-STC-020,MITIGATED_MEDIUM,Bridge workflow email noise,"Intermittent network unreachable / HTML edge 403 caused failed GitHub Actions and failure emails","Runs 36315929769/36316739199/36317529547; patch c4f5d061 classifies transient transport/edge failures after retries","Durable queue left intact; real auth/contract errors still fail","For zero GitHub emails, owner must also disable Actions email in signed-in GitHub notification settings"
R-STC-021,MITIGATED_HIGH,HIGH,Position management freshness,"Old closed-bar history could previously produce apparently current PROTECT/EXIT advice during a market closure","R3b commit 7b566ae5; deploy 36340722601; readback 36340789086 returns HOLD + signal_history_stale","Fail closed to HOLD until fresh post-entry evidence exists","Verify first fresh post-reopen management state before owner changes stops/exits"
R-STC-022,RESEARCH,MEDIUM,Gate optimization evidence,"Exact Boolean-vs-quality disagreement outcomes are not yet measured; current diagnostic sample is only 3 rows","R6 diagnostics active; readback 36340789086","Keep 84/Boolean live policy unchanged; collect quadrants plus forward MFE/MAE","Build rejected-trade outcome attribution and wait for sufficient OOS evidence"
R-STC-023,OWNER_SETTING,LOW,GitHub email noise,"STC email channel is disabled, but GitHub account-level Actions email preference is outside repository code","Readback 36340789086 email=false Telegram=true; browser session lacked signed-in GitHub settings access","Repository transient-failure mitigation reduces false failure mail","Owner disables GitHub Actions email in signed-in GitHub notification settings if zero GitHub mail is required"
